﻿<?xml version="1.0" encoding="UTF-8" standalone="yes"?>
<root server_type="ias" version="2.1.0">
<service name="info_navigation_tree">
<tree>
<tree text="电缆沟" src="http://localhost:80/ias/cgi-bin/siscgi.exe?request=info_navigation_tree&amp;amp;key=dev&amp;amp;urn=swrefVrecordVdatasetZgisVcollectionZxlVkeysZ78203&amp;amp;child_dev_type=cable_channel" icon="images/xp/folder.png" action="javascript:show('div1');"></tree>
<tree text="电缆井" src="http://localhost:80/ias/cgi-bin/siscgi.exe?request=info_navigation_tree&amp;amp;key=dev&amp;amp;urn=swrefVrecordVdatasetZgisVcollectionZxlVkeysZ78203&amp;amp;child_dev_type=cable_channelkey=dev&amp;amp;urn=swrefVrecordVdatasetZgisVcollectionZxlVkeysZ78203&amp;amp;child_dev_type=cable_well" icon="images/xp/folder.png" action="javascript:alert(&apos;test&apos;)"></tree>
<tree text="防火墙" src="http://localhost:80/ias/cgi-bin/siscgi.exe?request=info_navigation_tree&amp;amp;key=dev&amp;amp;urn=swrefVrecordVdatasetZgisVcollectionZxlVkeysZ78203&amp;amp;child_dev_type=cable_channelkey=dev&amp;amp;urn=swrefVrecordVdatasetZgisVcollectionZxlVkeysZ78203&amp;amp;child_dev_type=cable_wellkey=dev&amp;amp;urn=swrefVrecordVdatasetZgisVcollectionZxlVkeysZ78203&amp;amp;child_dev_type=fire_wall" icon="images/xp/folder.png" action="javascript:alert(&apos;test&apos;)"></tree>
<tree text="接地挂环" src="http://localhost:80/ias/cgi-bin/siscgi.exe?request=info_navigation_tree&amp;amp;key=dev&amp;amp;urn=swrefVrecordVdatasetZgisVcollectionZxlVkeysZ78203&amp;amp;child_dev_type=cable_channelkey=dev&amp;amp;urn=swrefVrecordVdatasetZgisVcollectionZxlVkeysZ78203&amp;amp;child_dev_type=cable_wellkey=dev&amp;amp;urn=swrefVrecordVdatasetZgisVcollectionZxlVkeysZ78203&amp;amp;child_dev_type=fire_wallkey=dev&amp;amp;urn=swrefVrecordVdatasetZgisVcollectionZxlVkeysZ78203&amp;amp;child_dev_type=earth_ring" icon="images/xp/folder.png" action="javascript:alert(&apos;test&apos;)"></tree>
<tree text="线路接头" src="http://localhost:80/ias/cgi-bin/siscgi.exe?request=info_navigation_tree&amp;amp;key=dev&amp;amp;urn=swrefVrecordVdatasetZgisVcollectionZxlVkeysZ78203&amp;amp;child_dev_type=cable_channelkey=dev&amp;amp;urn=swrefVrecordVdatasetZgisVcollectionZxlVkeysZ78203&amp;amp;child_dev_type=cable_wellkey=dev&amp;amp;urn=swrefVrecordVdatasetZgisVcollectionZxlVkeysZ78203&amp;amp;child_dev_type=fire_wallkey=dev&amp;amp;urn=swrefVrecordVdatasetZgisVcollectionZxlVkeysZ78203&amp;amp;child_dev_type=earth_ringkey=dev&amp;amp;urn=swrefVrecordVdatasetZgisVcollectionZxlVkeysZ78203&amp;amp;child_dev_type=line_join" icon="images/xp/folder.png" action="javascript:alert(&apos;test&apos;)"></tree>
<tree text="结点" src="http://localhost:80/ias/cgi-bin/siscgi.exe?request=info_navigation_tree&amp;amp;key=dev&amp;amp;urn=swrefVrecordVdatasetZgisVcollectionZxlVkeysZ78203&amp;amp;child_dev_type=cable_channelkey=dev&amp;amp;urn=swrefVrecordVdatasetZgisVcollectionZxlVkeysZ78203&amp;amp;child_dev_type=cable_wellkey=dev&amp;amp;urn=swrefVrecordVdatasetZgisVcollectionZxlVkeysZ78203&amp;amp;child_dev_type=fire_wallkey=dev&amp;amp;urn=swrefVrecordVdatasetZgisVcollectionZxlVkeysZ78203&amp;amp;child_dev_type=earth_ringkey=dev&amp;amp;urn=swrefVrecordVdatasetZgisVcollectionZxlVkeysZ78203&amp;amp;child_dev_type=line_joinkey=dev&amp;amp;urn=swrefVrecordVdatasetZgisVcollectionZxlVkeysZ78203&amp;amp;child_dev_type=tie_in" icon="images/xp/folder.png" action="javascript:show('div1')"></tree>
<tree text="供电点" src="http://localhost:80/ias/cgi-bin/siscgi.exe?request=info_navigation_tree&amp;amp;key=dev&amp;amp;urn=swrefVrecordVdatasetZgisVcollectionZxlVkeysZ78203&amp;amp;child_dev_type=cable_channelkey=dev&amp;amp;urn=swrefVrecordVdatasetZgisVcollectionZxlVkeysZ78203&amp;amp;child_dev_type=cable_wellkey=dev&amp;amp;urn=swrefVrecordVdatasetZgisVcollectionZxlVkeysZ78203&amp;amp;child_dev_type=fire_wallkey=dev&amp;amp;urn=swrefVrecordVdatasetZgisVcollectionZxlVkeysZ78203&amp;amp;child_dev_type=earth_ringkey=dev&amp;amp;urn=swrefVrecordVdatasetZgisVcollectionZxlVkeysZ78203&amp;amp;child_dev_type=line_joinkey=dev&amp;amp;urn=swrefVrecordVdatasetZgisVcollectionZxlVkeysZ78203&amp;amp;child_dev_type=tie_inkey=dev&amp;amp;urn=swrefVrecordVdatasetZgisVcollectionZxlVkeysZ78203&amp;amp;child_dev_type=supply_point" icon="images/xp/folder.png" action="javascript:alert(&apos;test&apos;)"></tree>
<tree text="故障寻址器" src="http://localhost:80/ias/cgi-bin/siscgi.exe?request=info_navigation_tree&amp;amp;key=dev&amp;amp;urn=swrefVrecordVdatasetZgisVcollectionZxlVkeysZ78203&amp;amp;child_dev_type=cable_channelkey=dev&amp;amp;urn=swrefVrecordVdatasetZgisVcollectionZxlVkeysZ78203&amp;amp;child_dev_type=cable_wellkey=dev&amp;amp;urn=swrefVrecordVdatasetZgisVcollectionZxlVkeysZ78203&amp;amp;child_dev_type=fire_wallkey=dev&amp;amp;urn=swrefVrecordVdatasetZgisVcollectionZxlVkeysZ78203&amp;amp;child_dev_type=earth_ringkey=dev&amp;amp;urn=swrefVrecordVdatasetZgisVcollectionZxlVkeysZ78203&amp;amp;child_dev_type=line_joinkey=dev&amp;amp;urn=swrefVrecordVdatasetZgisVcollectionZxlVkeysZ78203&amp;amp;child_dev_type=tie_inkey=dev&amp;amp;urn=swrefVrecordVdatasetZgisVcollectionZxlVkeysZ78203&amp;amp;child_dev_type=supply_pointkey=dev&amp;amp;urn=swrefVrecordVdatasetZgisVcollectionZxlVkeysZ78203&amp;amp;child_dev_type=fault_indicator" icon="images/xp/folder.png" action="javascript:alert(&apos;test&apos;)"></tree>
<tree text="电压监测仪" src="http://localhost:80/ias/cgi-bin/siscgi.exe?request=info_navigation_tree&amp;amp;key=dev&amp;amp;urn=swrefVrecordVdatasetZgisVcollectionZxlVkeysZ78203&amp;amp;child_dev_type=cable_channelkey=dev&amp;amp;urn=swrefVrecordVdatasetZgisVcollectionZxlVkeysZ78203&amp;amp;child_dev_type=cable_wellkey=dev&amp;amp;urn=swrefVrecordVdatasetZgisVcollectionZxlVkeysZ78203&amp;amp;child_dev_type=fire_wallkey=dev&amp;amp;urn=swrefVrecordVdatasetZgisVcollectionZxlVkeysZ78203&amp;amp;child_dev_type=earth_ringkey=dev&amp;amp;urn=swrefVrecordVdatasetZgisVcollectionZxlVkeysZ78203&amp;amp;child_dev_type=line_joinkey=dev&amp;amp;urn=swrefVrecordVdatasetZgisVcollectionZxlVkeysZ78203&amp;amp;child_dev_type=tie_inkey=dev&amp;amp;urn=swrefVrecordVdatasetZgisVcollectionZxlVkeysZ78203&amp;amp;child_dev_type=supply_pointkey=dev&amp;amp;urn=swrefVrecordVdatasetZgisVcollectionZxlVkeysZ78203&amp;amp;child_dev_type=fault_indicatorkey=dev&amp;amp;urn=swrefVrecordVdatasetZgisVcollectionZxlVkeysZ78203&amp;amp;child_dev_type=dyjcy" icon="images/xp/folder.png" action="javascript:alert(&apos;test&apos;)"></tree>
<tree text="配变检测仪" src="http://localhost:80/ias/cgi-bin/siscgi.exe?request=info_navigation_tree&amp;amp;key=dev&amp;amp;urn=swrefVrecordVdatasetZgisVcollectionZxlVkeysZ78203&amp;amp;child_dev_type=cable_channelkey=dev&amp;amp;urn=swrefVrecordVdatasetZgisVcollectionZxlVkeysZ78203&amp;amp;child_dev_type=cable_wellkey=dev&amp;amp;urn=swrefVrecordVdatasetZgisVcollectionZxlVkeysZ78203&amp;amp;child_dev_type=fire_wallkey=dev&amp;amp;urn=swrefVrecordVdatasetZgisVcollectionZxlVkeysZ78203&amp;amp;child_dev_type=earth_ringkey=dev&amp;amp;urn=swrefVrecordVdatasetZgisVcollectionZxlVkeysZ78203&amp;amp;child_dev_type=line_joinkey=dev&amp;amp;urn=swrefVrecordVdatasetZgisVcollectionZxlVkeysZ78203&amp;amp;child_dev_type=tie_inkey=dev&amp;amp;urn=swrefVrecordVdatasetZgisVcollectionZxlVkeysZ78203&amp;amp;child_dev_type=supply_pointkey=dev&amp;amp;urn=swrefVrecordVdatasetZgisVcollectionZxlVkeysZ78203&amp;amp;child_dev_type=fault_indicatorkey=dev&amp;amp;urn=swrefVrecordVdatasetZgisVcollectionZxlVkeysZ78203&amp;amp;child_dev_type=dyjcykey=dev&amp;amp;urn=swrefVrecordVdatasetZgisVcollectionZxlVkeysZ78203&amp;amp;child_dev_type=pbjcy" icon="images/xp/folder.png" action="javascript:alert(&apos;test&apos;)"></tree>
<tree text="交叉跨越" src="http://localhost:80/ias/cgi-bin/siscgi.exe?request=info_navigation_tree&amp;amp;key=dev&amp;amp;urn=swrefVrecordVdatasetZgisVcollectionZxlVkeysZ78203&amp;amp;child_dev_type=cable_channelkey=dev&amp;amp;urn=swrefVrecordVdatasetZgisVcollectionZxlVkeysZ78203&amp;amp;child_dev_type=cable_wellkey=dev&amp;amp;urn=swrefVrecordVdatasetZgisVcollectionZxlVkeysZ78203&amp;amp;child_dev_type=fire_wallkey=dev&amp;amp;urn=swrefVrecordVdatasetZgisVcollectionZxlVkeysZ78203&amp;amp;child_dev_type=earth_ringkey=dev&amp;amp;urn=swrefVrecordVdatasetZgisVcollectionZxlVkeysZ78203&amp;amp;child_dev_type=line_joinkey=dev&amp;amp;urn=swrefVrecordVdatasetZgisVcollectionZxlVkeysZ78203&amp;amp;child_dev_type=tie_inkey=dev&amp;amp;urn=swrefVrecordVdatasetZgisVcollectionZxlVkeysZ78203&amp;amp;child_dev_type=supply_pointkey=dev&amp;amp;urn=swrefVrecordVdatasetZgisVcollectionZxlVkeysZ78203&amp;amp;child_dev_type=fault_indicatorkey=dev&amp;amp;urn=swrefVrecordVdatasetZgisVcollectionZxlVkeysZ78203&amp;amp;child_dev_type=dyjcykey=dev&amp;amp;urn=swrefVrecordVdatasetZgisVcollectionZxlVkeysZ78203&amp;amp;child_dev_type=pbjcykey=dev&amp;amp;urn=swrefVrecordVdatasetZgisVcollectionZxlVkeysZ78203&amp;amp;child_dev_type=cross_span" icon="images/xp/folder.png" action="javascript:alert(&apos;test&apos;)"></tree>
<tree text="拉线" src="http://localhost:80/ias/cgi-bin/siscgi.exe?request=info_navigation_tree&amp;amp;key=dev&amp;amp;urn=swrefVrecordVdatasetZgisVcollectionZxlVkeysZ78203&amp;amp;child_dev_type=cable_channelkey=dev&amp;amp;urn=swrefVrecordVdatasetZgisVcollectionZxlVkeysZ78203&amp;amp;child_dev_type=cable_wellkey=dev&amp;amp;urn=swrefVrecordVdatasetZgisVcollectionZxlVkeysZ78203&amp;amp;child_dev_type=fire_wallkey=dev&amp;amp;urn=swrefVrecordVdatasetZgisVcollectionZxlVkeysZ78203&amp;amp;child_dev_type=earth_ringkey=dev&amp;amp;urn=swrefVrecordVdatasetZgisVcollectionZxlVkeysZ78203&amp;amp;child_dev_type=line_joinkey=dev&amp;amp;urn=swrefVrecordVdatasetZgisVcollectionZxlVkeysZ78203&amp;amp;child_dev_type=tie_inkey=dev&amp;amp;urn=swrefVrecordVdatasetZgisVcollectionZxlVkeysZ78203&amp;amp;child_dev_type=supply_pointkey=dev&amp;amp;urn=swrefVrecordVdatasetZgisVcollectionZxlVkeysZ78203&amp;amp;child_dev_type=fault_indicatorkey=dev&amp;amp;urn=swrefVrecordVdatasetZgisVcollectionZxlVkeysZ78203&amp;amp;child_dev_type=dyjcykey=dev&amp;amp;urn=swrefVrecordVdatasetZgisVcollectionZxlVkeysZ78203&amp;amp;child_dev_type=pbjcykey=dev&amp;amp;urn=swrefVrecordVdatasetZgisVcollectionZxlVkeysZ78203&amp;amp;child_dev_type=cross_spankey=dev&amp;amp;urn=swrefVrecordVdatasetZgisVcollectionZxlVkeysZ78203&amp;amp;child_dev_type=lx" icon="images/xp/folder.png" action="javascript:show('div1');"></tree>
</tree>
</service><dataset name="sias_state">
<collection xmlns:ogcgml="http://www.opengis.org/gml#" xmlns:swldy="http://www.gesmallworld.com/gml_extension" name="trail_segment">
<records></records></collection>
<collection xmlns:ogcgml="http://www.opengis.org/gml#" xmlns:swldy="http://www.gesmallworld.com/gml_extension" name="trail_point">
<records></records></collection>
<collection xmlns:ogcgml="http://www.opengis.org/gml#" xmlns:swldy="http://www.gesmallworld.com/gml_extension" name="client_registry">
<records>
<record type="integer" value="350" name="width" life="0" category="map_state"></record>
<record type="integer" value="250" name="height" life="0" category="map_state"></record>
<record type="float" value="0.0E0" name="swldy_rot" life="0" category="map_state"></record>
<record type="object" value="swrefVworldVdatasetZgisVuniverseZ0VworldZ0" name="swldy_world" life="0" category="map_state"></record>
<record type="string" value="ias" name="swldy_ace" life="0" category="map_state"></record>
<record type="boolean" value="False" name="swldy_dscale_locked" life="0" category="map_state"></record>
<record type="string" value="Default" name="swldy_drapp" life="0" category="map_state"></record>
<record type="boolean" value="False" name="swldy_srs_locked" life="0" category="map_state"></record>
<record type="url" value="http://localhost/ias/cgi-bin/siscgi.exe" name="script_name" life="0" category="general"></record>
<record type="url" value="http://127.0.0.1/ias" name="portal_url" life="0" category="general"></record>
<record type="string" value="zh_cn" name="language" life="0" category="general"></record>
<record type="symbol" value="sFa7VG4mZuIwEViV1daeBWTJTeGN" name="session_id" life="0" category="general"></record></records></collection>
<collection xmlns:ogcgml="http://www.opengis.org/gml#" xmlns:swldy="http://www.gesmallworld.com/gml_extension" name="network_trace_result">
<records></records></collection>
<collection xmlns:ogcgml="http://www.opengis.org/gml#" xmlns:swldy="http://www.gesmallworld.com/gml_extension" name="network_trace_state">
<records></records></collection>
<collection xmlns:ogcgml="http://www.opengis.org/gml#" xmlns:swldy="http://www.gesmallworld.com/gml_extension" name="registry">
<records>
<record type="symbol" value="jpeg" name="swldy_image_format" life="0" category="image_state"></record>
<record type="integer" value="70" name="swldy_image_quality" life="0" category="image_state"></record>
<record type="boolean" value="False" name="transparent" life="0" category="image_state"></record>
<record type="boolean" value="False" name="swldy_image_interlace" life="0" category="image_state"></record>
<record type="colour" value="0xffffff" name="bgcolor" life="0" category="image_state"></record>
<record type="float" value="5.76992E2" name="swldy_scale" life="0" category="map_state"></record>
<record type="coordinate" value="6.48963065E7,5.49324895E8" name="swldy_centre" life="0" category="map_state"></record>
<record type="string_vector" value="" name="swldy_themes" life="0" category="map_state"></record></records></collection>
<collection xmlns:ogcgml="http://www.opengis.org/gml#" xmlns:swldy="http://www.gesmallworld.com/gml_extension" name="geocoder_result">
<records></records></collection>
<collection xmlns:ogcgml="http://www.opengis.org/gml#" xmlns:swldy="http://www.gesmallworld.com/gml_extension" name="select_list">
<records></records></collection></dataset></root>