<?xml version="1.0" ?>
<!--
////////////////////////////////////////////////////////////////////////////////
//
// Copyright © 2008 ESRI
//
// All rights reserved under the copyright laws of the United States.
// You may freely redistribute and use this software, with or
// without modification, provided you include the original copyright
// and use restrictions.  See use restrictions in the file:
// <install location>/FlexViewer/License.txt
//
////////////////////////////////////////////////////////////////////////////////
-->
<configuration>
	<source>http://earthquake.usgs.gov/eqcenter/catalogs/eqs7day-M5.xml</source>
	<query></query>
	<fields>description</fields>
	<titlefield>title</titlefield>
	<linkfield>link</linkfield>
	<refreshrate></refreshrate>
	<zoomscale>150000</zoomscale>
</configuration>