<?xml version="1.0" ?>
<!--
////////////////////////////////////////////////////////////////////////////////
//
// Copyright © 2008 ESRI
//
// All rights reserved under the copyright laws of the United States.
// You may freely redistribute and use this software, with or
// without modification, provided you include the original copyright
// and use restrictions.  See use restrictions in the file:
// <install location>/FlexViewer/License.txt
//
////////////////////////////////////////////////////////////////////////////////
-->
<configuration>
	<layer>http://sampleserver1.arcgisonline.com/ArcGIS/rest/services/Louisville/LOJIC_PublicSafety_Louisville/MapServer/3</layer>
	<query>OBJECTID > 0</query>
	<fields>PD_NAME,ADDRESS</fields>
	<titlefield>PD_NAME</titlefield>
	<linkfield></linkfield>
	<refreshrate></refreshrate>
	<zoomscale>5000</zoomscale>
</configuration>