<?xml version="1.0" ?>
<!--
////////////////////////////////////////////////////////////////////////////////
//
// Copyright © 2008 ESRI
//
// All rights reserved under the copyright laws of the United States.
// You may freely redistribute and use this software, with or
// without modification, provided you include the original copyright
// and use restrictions.  See use restrictions in the file:
// <install location>/FlexViewer/License.txt
//
////////////////////////////////////////////////////////////////////////////////
-->
<configuration>
	<locator>http://sampleserver1.arcgisonline.com/ArcGIS/rest/services/Locators/ESRI_Geocode_USA/GeocodeServer</locator>
	<minscore>40</minscore>
	<listfield>State</listfield>
	<listvalues>AK,AL,AR,AZ,CA,CO,CT,DE,DC,FL,GA,HI,IA,ID,IL,IN,KS,KY,LA,MA,MD,ME,MI,MN,MS,MO,MT,NC,ND,NE,NH,NJ,NM,NV,NY,OH,OK,OR,PA,RI,SC,SD,TN,TX,UT,VA,WA,WI,WV,WY</listvalues>
	<zoomscale>5000</zoomscale>
</configuration>