<?xml version="1.0" ?>
<!--
////////////////////////////////////////////////////////////////////////////////
//
// Copyright © 2008 ESRI
//
// All rights reserved under the copyright laws of the United States.
// You may freely redistribute and use this software, with or
// without modification, provided you include the original copyright
// and use restrictions.  See use restrictions in the file:
// <install location>/FlexViewer/License.txt
//
////////////////////////////////////////////////////////////////////////////////
-->
<configuration>
	<layers>
		<layer>
			<name>Parcels</name>
			<url>http://sampleserver1.arcgisonline.com/ArcGIS/rest/services/Louisville/LOJIC_LandRecords_Louisville/MapServer/0</url>
			<expression>CUR_LASTNAME = '[value]'</expression>
			<textsearchlabel>Search Parcels by Owner Name  [ Example: HENCHEY ]:</textsearchlabel>
			<graphicalsearchlabel>Use one of the graphical search tools to select incidents</graphicalsearchlabel>
			<fields>PARCELID,CUR_LASTNAME,CUR_FIRSTNAME,CUR_ADDRESS1,CUR_CITY</fields>
			<titlefield>PARCELID</titlefield>
			<linkfield></linkfield>
		</layer>
		<layer>
			<name>Police Facilities</name>
			<url>http://sampleserver1.arcgisonline.com/ArcGIS/rest/services/Louisville/LOJIC_PublicSafety_Louisville/MapServer/3</url>
			<expression>PD_NAME = '[value]'</expression>
			<textsearchlabel>Search Police Stations by name... [ Example: 2ND DIVISION ]</textsearchlabel>
			<graphicalsearchlabel></graphicalsearchlabel>
			<fields>PD_NAME,ADDRESS</fields>
			<titlefield>PD_NAME</titlefield>
			<linkfield></linkfield>
		</layer>
	</layers>
	<zoomscale>5000</zoomscale>
</configuration>